{
  "lang":"en",
  "name":"pipeline",
  "version":"0.0.0",
  "spacy_version":">=3.4.0,<3.5.0",
  "description":"",
  "author":"",
  "email":"",
  "url":"",
  "license":"",
  "spacy_git_version":"Unknown",
  "vectors":{
    "width":0,
    "vectors":0,
    "keys":0,
    "name":null,
    "mode":"default"
  },
  "labels":{
    "tok2vec":[

    ],
    "ner":[
      "BANK_ACCOUNT_NUMBER",
      "COMPANY_NAME",
      "DATE_OF_JOINING",
      "DAYS_WORKED",
      "DESIGNATION",
      "EMPLOYEE_CODE",
      "EMPLOYEE_NAME",
      "NET_SALARY",
      "PAN_NUMBER",
      "PF_NUMBER",
      "PROVIDENT_FUND",
      "UAN_NUMBER"
    ]
  },
  "pipeline":[
    "tok2vec",
    "ner"
  ],
  "components":[
    "tok2vec",
    "ner"
  ],
  "disabled":[

  ],
  "performance":{
    "ents_f":1.0,
    "ents_p":1.0,
    "ents_r":1.0,
    "ents_per_type":{
      "COMPANY_NAME":{
        "p":1.0,
        "r":1.0,
        "f":1.0
      },
      "EMPLOYEE_CODE":{
        "p":1.0,
        "r":1.0,
        "f":1.0
      },
      "EMPLOYEE_NAME":{
        "p":1.0,
        "r":1.0,
        "f":1.0
      },
      "PF_NUMBER":{
        "p":1.0,
        "r":1.0,
        "f":1.0
      },
      "DAYS_WORKED":{
        "p":1.0,
        "r":1.0,
        "f":1.0
      },
      "UAN_NUMBER":{
        "p":1.0,
        "r":1.0,
        "f":1.0
      },
      "DESIGNATION":{
        "p":1.0,
        "r":1.0,
        "f":1.0
      },
      "BANK_ACCOUNT_NUMBER":{
        "p":1.0,
        "r":1.0,
        "f":1.0
      },
      "PROVIDENT_FUND":{
        "p":1.0,
        "r":1.0,
        "f":1.0
      },
      "NET_SALARY":{
        "p":1.0,
        "r":1.0,
        "f":1.0
      },
      "DATE_OF_JOINING":{
        "p":1.0,
        "r":1.0,
        "f":1.0
      },
      "PAN_NUMBER":{
        "p":1.0,
        "r":1.0,
        "f":1.0
      }
    },
    "tok2vec_loss":77.3933262372,
    "ner_loss":15.9534934794
  }
}